mode_index,frequency_hz,damping_ratio,mpc,mpd,phi_accelX,phi_accelY,phi_accelZ
1,0.0498046875,0.0196078431372549,1.0,0.0,-0.7846501295213475,0.6173155680973159,0.05697072605137225
